{
  "dependencies": {
    "mssql1": {
      "ignored": "true",
      "type": "mssql",
      "connectionId": "ConnectionStrings:travelogonline-archive"
    },
    "mssql2": {
      "ignored": "true",
      "type": "mssql",
      "connectionId": "ConnectionStrings:travelogonline-admin"
    },
    "mssql3": {
      "ignored": "true",
      "type": "mssql",
      "connectionId": "ConnectionStrings:travelogonline"
    },
    "mssql4": {
      "ignored": "true",
      "type": "mssql",
      "connectionId": "ConnectionStrings:travelogonline-reporting"
    }
  }
}