{
  "ExtendedData": {
    "inputs": [
      "../../../Travelog.Gds/uAPI_WSDL_Release-V21.3.1.1004/air_v51_0/Air.wsdl"
    ],
    "collectionTypes": [
      "System.Array",
      "System.Collections.Generic.Dictionary`2"
    ],
    "namespaceMappings": [
      "*, Services.Travelport.Air"
    ],
    "references": [
      "Azure.Core, {Azure.Core, 1.24.0}",
      "Azure.Identity, {Azure.Identity, 1.6.0}",
      "Castle.Core, {Castle.Core, 4.4.0}",
      "D:\\Documents\\Clients\\Travelog\\Projects\\TravelogOnline\\Travelog.Gds.Core\\bin\\netcoreapp3.1\\System.Data.Linq.dll",
      "D:\\Documents\\Clients\\Travelog\\Projects\\TravelogOnline\\Travelog.Gds.Core\\bin\\netcoreapp3.1\\Telerik.Reporting.dll",
      "D:\\Documents\\Clients\\Travelog\\Projects\\TravelogOnline\\Travelog.Gds.Core\\bin\\netcoreapp3.1\\Travelog.Biz.dll",
      "D:\\Documents\\Clients\\Travelog\\Projects\\TravelogOnline\\Travelog.Gds.Core\\bin\\netcoreapp3.1\\Travelog.Gds.dll",
      "Microsoft.Bcl.AsyncInterfaces, {Microsoft.Bcl.AsyncInterfaces, 1.1.1}",
      "Microsoft.Bcl.HashCode, {Microsoft.Bcl.HashCode, 1.1.1}",
      "Microsoft.Data.SqlClient, {Microsoft.Data.SqlClient, 5.0.1}",
      "Microsoft.EntityFrameworkCore, {Microsoft.EntityFrameworkCore, 3.1.22}",
      "Microsoft.EntityFrameworkCore.Abstractions, {Microsoft.EntityFrameworkCore.Abstractions, 3.1.22}",
      "Microsoft.EntityFrameworkCore.Proxies, {Microsoft.EntityFrameworkCore.Proxies, 3.1.22}",
      "Microsoft.EntityFrameworkCore.Relational, {Microsoft.EntityFrameworkCore.Relational, 3.1.22}",
      "Microsoft.EntityFrameworkCore.SqlServer, {Microsoft.EntityFrameworkCore.SqlServer, 3.1.22}",
      "Microsoft.Extensions.Caching.Abstractions, {Microsoft.Extensions.Caching.Abstractions, 3.1.22}",
      "Microsoft.Extensions.Configuration, {Microsoft.Extensions.Configuration, 6.0.0}",
      "Microsoft.Extensions.Configuration.Abstractions, {Microsoft.Extensions.Configuration.Abstractions, 6.0.0}",
      "Microsoft.Extensions.Configuration.Binder, {Microsoft.Extensions.Configuration.Binder, 3.1.22}",
      "Microsoft.Extensions.Configuration.FileExtensions, {Microsoft.Extensions.Configuration.FileExtensions, 6.0.0}",
      "Microsoft.Extensions.Configuration.Json, {Microsoft.Extensions.Configuration.Json, 6.0.0}",
      "Microsoft.Extensions.DependencyInjection, {Microsoft.Extensions.DependencyInjection, 3.1.22}",
      "Microsoft.Extensions.DependencyInjection.Abstractions, {Microsoft.Extensions.DependencyInjection.Abstractions, 3.1.22}",
      "Microsoft.Extensions.FileProviders.Abstractions, {Microsoft.Extensions.FileProviders.Abstractions, 6.0.0}",
      "Microsoft.Extensions.FileProviders.Physical, {Microsoft.Extensions.FileProviders.Physical, 6.0.0}",
      "Microsoft.Extensions.FileSystemGlobbing, {Microsoft.Extensions.FileSystemGlobbing, 6.0.0}",
      "Microsoft.Extensions.Logging, {Microsoft.Extensions.Logging, 3.1.22}",
      "Microsoft.Extensions.Logging.Abstractions, {Microsoft.Extensions.Logging.Abstractions, 3.1.22}",
      "Microsoft.Extensions.Options, {Microsoft.Extensions.Options, 3.1.22}",
      "Microsoft.Extensions.Primitives, {Microsoft.Extensions.Primitives, 6.0.0}",
      "Microsoft.Identity.Client, {Microsoft.Identity.Client, 4.45.0}",
      "Microsoft.Identity.Client.Extensions.Msal, {Microsoft.Identity.Client.Extensions.Msal, 2.19.3}",
      "Microsoft.IdentityModel.Abstractions, {Microsoft.IdentityModel.Abstractions, 6.21.0}",
      "Microsoft.IdentityModel.JsonWebTokens, {Microsoft.IdentityModel.JsonWebTokens, 6.21.0}",
      "Microsoft.IdentityModel.Logging, {Microsoft.IdentityModel.Logging, 6.21.0}",
      "Microsoft.IdentityModel.Protocols, {Microsoft.IdentityModel.Protocols, 6.21.0}",
      "Microsoft.IdentityModel.Protocols.OpenIdConnect, {Microsoft.IdentityModel.Protocols.OpenIdConnect, 6.21.0}",
      "Microsoft.IdentityModel.Tokens, {Microsoft.IdentityModel.Tokens, 6.21.0}",
      "Microsoft.SqlServer.Server, {Microsoft.SqlServer.Server, 1.0.0}",
      "Microsoft.Win32.SystemEvents, {Microsoft.Win32.SystemEvents, 6.0.0}",
      "Newtonsoft.Json, {Newtonsoft.Json, 13.0.1}",
      "System.Collections.Immutable, {System.Collections.Immutable, 1.7.1}",
      "System.Collections.NonGeneric, {System.Collections.NonGeneric, 4.3.0}",
      "System.Collections.Specialized, {System.Collections.Specialized, 4.3.0}",
      "System.ComponentModel, {System.ComponentModel, 4.3.0}",
      "System.ComponentModel.Annotations, {System.ComponentModel.Annotations, 4.7.0}",
      "System.ComponentModel.Primitives, {System.ComponentModel.Primitives, 4.3.0}",
      "System.ComponentModel.TypeConverter, {System.ComponentModel.TypeConverter, 4.3.0}",
      "System.Configuration.ConfigurationManager, {System.Configuration.ConfigurationManager, 6.0.0}",
      "System.Data.SqlClient, {System.Data.SqlClient, 4.8.3}",
      "System.Diagnostics.DiagnosticSource, {System.Diagnostics.DiagnosticSource, 5.0.0}",
      "System.Diagnostics.TraceSource, {System.Diagnostics.TraceSource, 4.3.0}",
      "System.Drawing.Common, {System.Drawing.Common, 6.0.0}",
      "System.Dynamic.Runtime, {System.Dynamic.Runtime, 4.3.0}",
      "System.Globalization, {System.Globalization, 4.3.0}",
      "System.IdentityModel.Tokens.Jwt, {System.IdentityModel.Tokens.Jwt, 6.21.0}",
      "System.IO, {System.IO, 4.3.0}",
      "System.Linq.Expressions, {System.Linq.Expressions, 4.3.0}",
      "System.Memory.Data, {System.Memory.Data, 1.0.2}",
      "System.ObjectModel, {System.ObjectModel, 4.3.0}",
      "System.Reflection, {System.Reflection, 4.3.0}",
      "System.Reflection.DispatchProxy, {System.Reflection.DispatchProxy, 4.5.0}",
      "System.Reflection.Emit, {System.Reflection.Emit, 4.3.0}",
      "System.Reflection.Emit.ILGeneration, {System.Reflection.Emit.ILGeneration, 4.3.0}",
      "System.Reflection.Primitives, {System.Reflection.Primitives, 4.3.0}",
      "System.Reflection.TypeExtensions, {System.Reflection.TypeExtensions, 4.3.0}",
      "System.Resources.ResourceManager, {System.Resources.ResourceManager, 4.3.0}",
      "System.Runtime, {System.Runtime, 4.3.0}",
      "System.Runtime.Caching, {System.Runtime.Caching, 6.0.0}",
      "System.Runtime.CompilerServices.Unsafe, {System.Runtime.CompilerServices.Unsafe, 6.0.0}",
      "System.Security.AccessControl, {System.Security.AccessControl, 6.0.0}",
      "System.Security.Cryptography.Cng, {System.Security.Cryptography.Cng, 5.0.0}",
      "System.Security.Cryptography.ProtectedData, {System.Security.Cryptography.ProtectedData, 6.0.0}",
      "System.Security.Cryptography.Xml, {System.Security.Cryptography.Xml, 4.5.0}",
      "System.Security.Permissions, {System.Security.Permissions, 6.0.0}",
      "System.Security.Principal.Windows, {System.Security.Principal.Windows, 5.0.0}",
      "System.ServiceModel, {System.ServiceModel.Primitives, 4.7.0}",
      "System.ServiceModel.Duplex, {System.ServiceModel.Duplex, 4.7.0}",
      "System.ServiceModel.Http, {System.ServiceModel.Http, 4.7.0}",
      "System.ServiceModel.NetTcp, {System.ServiceModel.NetTcp, 4.7.0}",
      "System.ServiceModel.Primitives, {System.ServiceModel.Primitives, 4.7.0}",
      "System.ServiceModel.Security, {System.ServiceModel.Security, 4.7.0}",
      "System.Text.Encoding, {System.Text.Encoding, 4.3.0}",
      "System.Text.Encodings.Web, {System.Text.Encodings.Web, 6.0.0}",
      "System.Text.Json, {System.Text.Json, 6.0.0}",
      "System.Threading.Tasks, {System.Threading.Tasks, 4.3.0}",
      "System.Windows.Extensions, {System.Windows.Extensions, 6.0.0}",
      "System.Xml.ReaderWriter, {System.Xml.ReaderWriter, 4.3.0}",
      "System.Xml.XmlDocument, {System.Xml.XmlDocument, 4.3.0}"
    ],
    "targetFramework": "netcoreapp3.1",
    "typeReuseMode": "All"
  }
}